Year,Country,Production,Yield,Pesticides,Fertilizer (N),Fertilizer (K2O),Fertilizer (P2O5),Fertilizer (Total),Agricultural Value Added,Mean Temperature,Precipitation,Agricultural Employment,FPI,Population,Agricultural Machinery,Export Value,Export Avg Price,Import Value,Import Avg Price,Urbanization
1961,Germany,105463,8.28850990254637,,875.8,1666.5,844.9,268.068739770867,,9.12,779.53,,72.03,73604.346,841.148936170213,,,,,2.533181768434515
1962,Germany,90101,7.099598140414467,,1046.5,1627.1,942.5,291.786951169471,,7.39,658.26,,78.99,74194.417,902.011489536315,,,,,2.541264983517168
1963,Germany,109804,8.671246939903657,,1054.2,1668.0,1027.1,304.43641594739,,7.36,635.89,,82.44,74796.217,957.165639128648,,,,,2.549374016660207
1964,Germany,112606,8.893926230155596,,1181.7,1729.3,1150.0,324.976153276869,,8.32,612.48,,80.83,75423.245,1007.00024669024,,,,,2.5575200408985936
1965,Germany,95111,7.521629102412021,,1287.6,1775.9,1146.4,345.248251460545,,7.68,898.04,,77.93,76037.469,1060.12671768288,,,,,2.565669715868368
1966,Germany,97726,7.7320990584698155,,1321.3,1671.7,1123.4,337.901522007404,,8.62,900.91,,81.94,76618.716,1108.56190867956,,,,,2.573856555622458
1967,Germany,91097,7.273213572854291,,1344.0,1735.2,1150.7,349.52518881235,,9.09,762.75,,88.29,77173.553,1158.27454560544,,,,,2.5820694489119083
1968,Germany,90191,7.212395041983207,,1443.4,1642.1,1179.5,354.46642287234,,8.34,774.36,,88.92,77646.126,1194.52875664894,,,,,2.5903200685506027
1969,Germany,85215,6.828672169244331,,1572.0,1743.7,1245.8,380.088575952004,,7.98,666.28,,85.36,78012.485,1237.91267394384,,,,,2.598574156756764
1970,Germany,85086,6.866758130901461,,1642.0,1798.5,1323.1,398.560659303882,1.660828,7.9,814.55,,88.48,78294.583,1259.17419678715,,,,,2.6067839482589155
1971,Germany,77728,6.266365688487585,,1707.8,1872.3,1320.5,409.584705390723,1.637233,8.68,562.8,,88.14,78511.398,1289.41412452988,,,,,2.614243641428108
1972,Germany,89622,7.202025072324012,,1846.9,1676.8,1333.0,404.595384871709,1.5542,8.08,626.54,,87.89,78643.556,1295.5073308897,,,,,2.6217350351906603
1973,Germany,102531,8.236083219535706,,1767.0,1821.6,1347.4,411.670225187656,1.559002,8.45,651.95,,89.44,78667.466,1302.2093411176,,,,,2.629227273584112
1974,Germany,84907,6.803990704383364,,1872.2,1886.4,1330.0,423.347670549085,1.611164,8.99,799.03,,92.39,78620.534,1303.40349417637,,,,,2.636751153448793
1975,Germany,108811,8.697921662669865,,1906.1,1805.5,1220.7,409.636159787393,1.598732,9.11,634.42,,89.05,78513.511,1310.17523461507,,,,,2.644296690437051
1976,Germany,112920,8.988298973175198,,2078.0,1819.0,1312.0,430.975759080003,1.488966,8.61,550.02,,86.72,78364.216,1306.77256556631,,,,,2.651874214363491
1977,Germany,117607,9.363614649681528,,2095.4,1654.9,1300.3,418.408334023693,1.510315,8.8,765.74,,91.02,78221.272,1317.29434181095,,,,,2.659452579810858
1978,Germany,91736,7.294529262086514,,2138.0,1623.4,1337.2,422.687655138176,1.50652,8.01,722.13,,94.78,78071.549,1321.29323183849,,,,,2.667062990419731
1979,Germany,125294,9.977225672877847,,2225.1,1681.5,1329.0,440.350667661939,1.407274,7.94,762.19,,96.5,77915.727,1333.90727378286,,,,,2.674695149126028
1980,Germany,93264,7.443256185155627,,2302.5,1640.7,1226.5,429.704821280133,1.407883,7.76,771.58,,95.1,77786.703,1341.2319201995,,,,,2.682359832230633
1981,Germany,120086,9.608417346775484,,2073.1,1656.4,1126.7,404.551816061313,1.399485,8.41,897.24,,94.78,77684.489,1345.28823725425,,,,,2.702211358238158
1982,Germany,141983,11.391447368421053,,2171.5,1538.3,1043.8,396.957411273486,1.601083,9.19,655.05,,99.46,77610.43,1354.09018789144,,,,,2.71840284065636
1983,Germany,151754,12.189076305220883,,2071.7,1437.9,1077.7,383.33918275257,1.478652,9.35,720.28,,96.66,77566.064,1366.93573995153,,,,,2.717834835393139
1984,Germany,92444,7.438364982298037,,2148.7,1538.1,1054.3,396.680890227577,1.515799,8.24,743.99,,103.17,77568.572,1370.96385542169,,,,,2.695849245922355
1985,Germany,132891,10.694591984548527,,2285.7,1482.2,1054.8,403.341640879819,1.391753,7.77,677.94,,103.44,77638.808,1372.94053692398,,,,,2.6645340592732984
1986,Germany,138455,11.147745571658616,,2287.2,1511.9,1035.4,404.219899665552,1.492724,8.25,770.41,,106.99,77803.357,1375.02842809365,,,,,2.6519273074222083
1987,Germany,117820,9.509281678773204,,2375.3,1431.5,1003.1,402.677270824613,1.363552,7.71,823.07,,103.29,78090.895,1368.32817078275,,,,,2.681369678930622
1988,Germany,148013,11.946166263115416,,2413.1,1470.4,992.3,408.00703046535,1.395917,9.29,800.1,,103.6,78477.53,1353.34951456311,,,,,2.703580912075021
1989,Germany,167641,13.52925510451134,,2253.0,1387.2,950.7,384.207883504896,1.38612,9.81,637.01,,102.7,78916.438,1334.72508159679,,,,,2.7004176552861194
1990,Germany,85509,6.888110198163364,0.58,1787.3,954.4,609.0,279.901428452093,1.337001,9.81,734.15,,100.42,79370.196,1309.41441817726,,,,,2.7199853435494665
1991,Germany,41937,3.5518760057592953,0.65,1720.0,729.0,519.0,256.826542088416,1.248918,8.73,604.17,3.9,92.11,79801.988,1297.69011160135,,,,,2.740937643903549
1992,Germany,50313,4.297318073112402,0.63,1680.0,673.0,490.0,248.003052236854,1.194202,9.64,735.03,3.7,87.24,80205.03,1152.78625621348,,,,,2.753730029185773
1993,Germany,34500,2.8964822433045083,0.55,1612.0,645.0,415.0,228.863908872902,1.088845,8.76,793.47,3.5,86.2,80573.488,1113.39499828708,,,,,2.7731260934064177
1994,Germany,35797,2.9739137658885104,0.59,1787.0,668.0,451.0,246.203811944091,0.785719,9.94,789.2,3.3,83.31,80882.126,1068.53028377806,,,,,2.8037041764820843
1995,Germany,45252,3.7519277008539924,0.66,1770.0,649.0,402.0,238.356231516688,0.791035,9.15,781.44,3.2,85.76,81123.262,1027.20743557245,,,,,2.8346194364388
1996,Germany,63762,5.285311671087533,0.67,1758.0,645.8,415.1,238.185466835657,0.813314,7.57,622.39,2.9,87.86,81300.865,1005.49218419941,,,,,2.8659190257920577
1997,Germany,54342,4.505970149253732,0.64,1788.5,658.8,409.5,241.448529411765,0.80602,9.18,665.63,2.9,88.44,81436.087,943.224306964165,,,,,2.897476683367182
1998,Germany,63786,5.268522342446518,0.69,1903.0,628.6,406.7,247.363246064484,0.774125,9.27,808.89,2.8,89.8,81524.383,902.610489098409,,,,,2.9294258818437986
1999,Germany,65046,5.4033892673201525,0.61,2014.0,619.0,420.0,256.569108441888,0.822865,9.74,768.89,2.9,92.54,81556.965,871.912535949924,,,,,2.961727590232055
2000,Germany,79932,6.649916805324459,0.7,1848.0,544.0,351.0,232.359878007455,0.768362,10.09,757.74,2.6,93.65,81551.677,838.264571331752,,,,,2.994430535092937
2001,Germany,73101,6.0811080608934365,0.66,1792.0,503.1,315.0,221.231947854059,0.729982,9.21,812.38,2.6,94.12,81514.568,,,,,,3.027403345918169
2002,Germany,75373,6.282653996832542,0.72,1788.0,480.0,327.0,220.074039521669,0.722561,9.75,910.58,2.5,89.97,81443.427,,,,,,3.0607852954075314
2003,Germany,81364,6.761738552314468,0.77,1828.0,485.0,284.0,219.698063752431,0.742379,9.57,568.34,2.4,86.08,81346.81,,,,,,3.0945352926593044
2004,Germany,96701,7.991818181818182,0.68,1778.7,479.5,303.0,215.125819465456,0.957773,9.14,731.39,2.4,95.65,81266.673,,,,,,3.1287047582313354
2005,Germany,95670,7.905304908279623,0.74,1785.9,426.0,274.0,208.757056451613,0.69377,9.26,718.19,2.4,92.14,81212.168,,,,,,3.163156039530779
2006,Germany,88638,7.347314323607427,0.8,1599.1,442.6,264.7,194.419012304062,0.626519,9.82,700.73,2.3,90.13,81177.817,,,,,,3.1980348195465504
2007,Germany,104221,8.631138716356107,0.83,1806.8,511.3,316.6,221.871768965227,0.760309,10.09,885.79,2.3,91.83,81183.83,,64723000.0,1.7393138735562377,1227834000.0,1.8503698376668685,3.2332983179884245
2008,Germany,108378,8.933234421364984,0.84,1550.5,179.1,174.4,159.582718739524,0.895051,9.76,720.15,1.8,96.41,81217.482,,75086566.0,1.8588298604954816,1361658607.0,1.9581737774774437,3.2689999595888843
2009,Germany,110916,9.132647179909428,0.75,1569.0,362.8,235.2,181.414399330264,0.920161,9.52,751.49,1.7,98.31,81260.615,,57554787.0,1.693908522891586,1235174214.0,1.7978573011918255,3.304996129174961
2010,Germany,122012,10.129680365296803,0.81,1786.0,433.6,286.3,211.596825932804,0.781399,8.19,789.24,1.6,94.55,81325.09,,61842712.0,1.9596094793789296,1388930434.0,1.949817765593235,3.341439056031949
2011,Germany,127728,10.577888198757764,0.86,1639.6,386.4,246.7,191.486989473684,0.718217,10.03,677.6,1.6,95.21,81423.378,,40530999.0,1.8821055919261933,1345493044.0,1.8896581353270576,3.3782837203638496
2012,Germany,101872,8.465348180156225,0.89,1647.8,421.0,284.7,198.921581882711,0.73584,9.45,726.41,1.6,96.12,81545.565,,45808670.0,1.8836223920314004,1378205487.0,1.938918586068257,3.380205004429308
2013,Germany,115308,9.548526001987414,0.84,1675.3,457.1,285.0,203.47061300101,0.751243,9.07,741.73,1.4,97.07,81680.591,,46507043.0,1.945106979530243,1397389666.0,1.8565909468682256,3.382122061828986
2014,Germany,140677,11.653164347249835,0.83,1821.6,459.8,301.3,217.69567781616,0.806092,10.64,713.49,1.4,102.97,81858.825,,40558509.0,2.044888412851124,1472856780.0,1.9756760673761984,3.3840428995639504
2015,Germany,134717,11.178906314828644,0.91,1712.4,397.7,287.8,202.273932128989,0.684692,10.32,655.25,1.4,99.27,82073.226,,37181296.0,1.75433387461942,1304831866.0,1.722973132346665,3.3859648868539667
2016,Germany,141994,11.869430744796455,0.9,1658.4,430.1,230.9,197.228258097424,0.658035,9.86,713.24,1.3,97.76,82331.423,,32162422.0,1.742724051866411,1313495296.0,1.7682998135971073,3.390514264391219
2017,Germany,160764,13.429454515078106,0.93,1496.5,391.6,208.5,178.118926265715,0.679865,9.91,814.74,1.3,97.5,82624.374,,38553646.0,2.0491551954060743,1493256954.0,2.034622975354335,3.397696241986708
2018,Germany,171934,14.411902766135793,0.92,1342.3,409.6,201.2,166.481118404228,0.554794,10.74,571.21,1.2,91.86,82896.696,,43486566.0,2.002756736706821,1474206902.0,2.016785839815358,3.407528668219047
2019,Germany,177628,14.910433979686058,0.91,1373.5,419.5,248.0,174.098685333789,0.621412,10.54,676.23,1.2,94.4,83148.141,,41516192.0,2.2503252484392897,1425320163.0,1.978832779484806,3.420034076215856
2020,Germany,170020,14.333164727701906,0.95,1265.4,446.5,192.2,163.242026748971,0.697037,10.79,661.6,1.3,95.43,83328.988,,40647233.0,2.1964926999877927,1568086754.0,2.1110212908681816,3.4352394889991453
2021,Germany,169437,,,,,,,0.690124,9.49,772.58,1.3,94.47,83408.554,,55998576.0,1.9043460730977344,1720769619.0,2.2757597620827323,3.453178894105987
1961,Italy,2411610,154.51114812916452,,347.8,139.2,397.0,67.7950552013684,,12.86,753.43,,86.05,49812.73,212.135748717151,,,,,1.4910564952150356
1962,Italy,2426119,155.82010276172124,,376.5,134.4,376.6,69.3624853458382,,11.97,764.25,,86.79,50162.245,238.290738569754,,,,,1.5223754152458762
1963,Italy,2558055,165.94583198183588,,375.0,130.9,365.6,68.764636263216,,11.95,943.98,,86.1,50555.128,267.14849297775,,,,,1.5544760561685382
1964,Italy,2695668,175.33940418889034,,403.6,136.1,400.6,74.6396253373551,,12.26,873.2,,90.28,50997.776,299.338783933958,,,,,1.587299203513867
1965,Italy,2863291,187.11874264801986,,461.8,167.6,452.7,86.3954806771,,11.74,816.22,,93.14,51452.854,335.310603641009,,,,,1.620722337961538
1966,Italy,3126351,204.89913488006292,,475.3,173.2,463.0,89.3037608486017,,12.34,921.67,,95.56,51882.571,370.373674059788,,,,,1.6548967714847445
1967,Italy,3117519,204.92466969039637,,479.7,178.4,464.8,90.6107837597869,,12.34,690.66,,101.46,52294.442,411.037210428606,,,,,1.6897917536877065
1968,Italy,2935837,193.21072721289897,,513.6,178.8,467.5,93.9262919164102,,12.09,832.83,,98.34,52661.07,439.649279118743,,,,,1.7254721470048566
1969,Italy,3307402,220.47876808212786,,550.4,194.5,486.3,100.742574257426,,11.98,851.24,,101.47,53001.503,478.041076834956,,,,,1.7618046619553258
1970,Italy,3260449,218.38238446081715,,594.5,225.3,518.4,111.6701435247,2.917634,12.08,705.36,,101.48,53324.036,512.943925233645,,,,,1.7989539971356772
1971,Italy,3085346,248.63776291401402,,624.9,250.4,574.7,152.430343812428,2.849742,12.12,740.11,,100.01,53636.099,691.061928293555,,,,,1.836886641438412
1972,Italy,2749019,223.40666395774076,,691.8,266.3,583.4,164.092089854147,2.465161,12.05,939.06,,93.44,53995.422,743.402533801767,,,,,1.860330745358131
1973,Italy,2983331,243.87566418703506,,694.3,256.1,475.7,152.005921619294,2.456442,12.13,783.2,,102.53,54379.582,799.704995693368,,,,,1.876937643846548
1974,Italy,3277996,266.7639973958333,,673.3,231.8,369.2,136.502736345101,2.387815,12.18,772.57,,103.97,54750.683,837.645670136281,,,,,1.893715972137089
1975,Italy,3164976,257.04345001218223,,748.0,261.0,489.6,159.670525187567,2.502424,12.24,880.72,,104.68,55093.989,878.171489817792,,,,,1.910644186443859
1976,Italy,2675346,216.57459726382254,,737.0,270.0,503.7,153.204186245194,2.207859,11.89,1031.29,,100.71,55388.902,924.51409653994,,,,,1.9277474989302172
1977,Italy,2865283,232.28885285772193,,817.3,337.7,608.9,191.756597927129,2.148603,12.36,821.03,,103.9,55649.667,971.877337322364,,,,,1.94495614976443
1978,Italy,3322037,267.43173402028657,,1070.0,395.1,850.5,236.855253412337,2.103884,11.68,919.74,,106.28,55877.016,1008.56734737065,,,,,1.9623424335692747
1979,Italy,4385687,352.3772296320103,,1123.5,419.3,896.6,248.49303503588,2.101822,12.32,1003.86,,113.59,56070.678,1061.71380329253,,,,,1.979884292324367
1980,Italy,4109821,330.47772595689935,,1028.5,385.4,752.6,222.660023199409,2.115725,11.63,880.42,,118.77,56329.482,1130.62111146262,,,,,1.997607355910178
1981,Italy,3865244,311.1110753380554,,982.1,350.0,709.5,217.267800549334,2.142737,12.09,783.22,,114.28,56532.91,1167.96218043524,,,,,2.0154395996988423
1982,Italy,3855539,310.554893274265,,1027.7,385.9,768.6,211.836117572425,2.075999,12.86,837.99,,110.6,56585.843,1204.324381476,,,,,2.019903317645568
1983,Italy,5217747,425.3135800456472,,1038.8,399.3,740.1,226.165425065732,2.237461,12.49,715.64,,123.42,56607.516,1281.23685363716,,,,,2.018080069767913
1984,Italy,5915626,483.6188685415304,,1037.6,403.3,738.9,229.8151038804,2.140385,11.9,969.57,,112.97,56620.238,1316.91546663735,,,,,2.016255968127044
1985,Italy,5914752,488.2575532441803,,1065.4,402.9,725.2,237.524751381215,2.095553,12.37,755.37,,113.24,56636.465,1355.94917127072,,,,,2.0144384641072968
1986,Italy,4839108,399.99239543726236,,1056.0,468.3,772.7,236.219568567026,2.098733,12.54,843.76,,113.57,56639.054,1396.81598062954,,,,,2.012620087255552
1987,Italy,4379865,362.87199668599834,,1076.1,444.2,821.5,251.132266960838,2.12289,12.47,873.1,,117.82,56644.53,1451.10535024821,,,,,2.010803398079501
1988,Italy,4116832,343.6133878641182,,987.0,446.0,710.0,233.53215003349,2.007176,12.85,751.22,,110.07,56670.888,1521.46907791918,,,,,2.008985994596136
1989,Italy,5163521,431.47998662989886,,827.0,377.0,609.0,201.59223840765,1.977814,12.58,728.3,,112.74,56711.524,1556.071388858,,,,,2.007175067195667
1990,Italy,4928721,411.68735382559305,2.41,857.0,339.0,636.0,215.754549489569,1.915093,12.99,797.45,,105.3,56756.561,1586.50244118953,,,,,2.005363262992644
1991,Italy,5224751,440.9072573839662,1.98,906.0,418.0,662.0,223.223595505618,2.061441,12.23,795.84,8.4,113.58,56794.489,1635.74269662921,,,,,2.0035531283873884
1992,Italy,4941396,424.9201135093301,1.95,909.0,399.0,616.0,219.657142857143,2.101723,12.83,824.97,8.0,114.82,56833.185,1635.72114285714,,,,,2.0067956797619835
1993,Italy,4641535,407.8677504393673,2.02,918.0,394.0,592.0,222.678362573099,2.106578,12.62,780.54,7.1,111.84,56869.454,1712.65730994152,,,,,2.012240001427516
1994,Italy,5024007,450.86664273534956,1.86,882.0,431.0,582.0,227.182134710049,2.087897,13.58,779.19,6.9,110.89,56883.819,1789.85112258374,,,,,2.017706689392311
1995,Italy,4670556,427.39348462664714,1.94,875.0,405.0,542.0,219.968610406857,2.058379,12.55,840.14,6.6,110.07,56885.126,1838.05746710129,,,,,2.0231881525005964
1996,Italy,5882743,534.503270943122,1.67,876.0,414.0,575.0,223.835813730197,2.060357,12.29,1040.31,6.1,113.06,56898.973,1849.76836293807,,,,,2.028692141485564
1997,Italy,5023734,457.7851284855112,1.94,855.0,402.0,501.0,213.013449654671,2.066272,13.07,754.46,5.9,110.99,56925.8,1891.87325820914,,,,,2.034195873826048
1998,Italy,5386649,483.6714555086648,1.92,845.0,395.0,508.0,209.869131948613,2.084927,12.93,772.24,5.8,111.31,56938.738,1922.22955937087,,,,,2.039722258462015
1999,Italy,6536400,572.2640518298022,1.74,868.0,402.0,514.0,208.777062609713,2.169013,13.11,830.91,5.4,119.0,56945.068,1895.9438267993,,,,,2.0452634454291934
2000,Italy,6793332,602.0322580645161,1.75,828.0,400.0,504.0,204.269371388135,2.079655,13.37,802.66,5.2,115.2,56966.397,1938.45146833353,,,,,2.050827565101971
2001,Italy,5756762,516.9041932297746,1.71,819.0,380.0,457.0,168.594915457489,1.970748,13.18,767.13,5.2,112.89,56994.993,2033.80381340688,,,,,2.0563913520823336
2002,Italy,5181934,475.66862493115474,2.18,789.0,378.0,449.0,171.121877639677,1.878089,13.39,950.18,4.9,109.62,57107.577,2117.05200917099,,,,,2.065836946366781
2003,Italy,5994333,568.7762596071733,2.06,753.0,380.0,454.0,177.702475185325,1.806457,13.49,720.31,4.7,105.8,57425.175,,,,,,2.077044386100216
2004,Italy,6923979,657.6103143698357,1.79,685.0,345.0,393.0,181.418097505953,1.991337,12.9,853.08,4.1,119.09,57860.661,,,,,,2.0883281091865595
2005,Italy,6476933,626.7595316431198,1.86,641.0,291.0,346.0,171.753084832905,1.878989,12.52,831.26,4.2,115.37,58199.876,,,,,,2.09964190596263
2006,Italy,5723700,576.9277290595707,1.71,701.0,298.0,381.0,177.031588937093,1.834594,13.25,704.82,4.3,110.56,58429.903,,,,,,2.1110327851345803
2007,Italy,5884978,606.5736961451247,1.87,708.0,303.0,319.0,190.229953981314,1.816475,13.46,737.22,4.0,109.17,58778.482,,248090114.0,2.2090100035366937,111593285.0,1.3144768953532742,2.122485359642852
2008,Italy,5386390,536.4289128789387,1.8,609.0,149.0,193.7,143.47626033609,1.867852,13.32,908.08,3.7,112.33,59224.228,,242238424.0,2.116832877229081,116571657.0,1.3261862010631933,2.1340160579492684
2009,Italy,6198595,648.4292947256105,1.68,592.0,110.0,263.0,120.111588597622,1.942157,13.38,874.27,3.7,112.32,59562.841,,205135907.0,2.195715954316166,160849183.0,1.217142301078041,2.145577431278072
2010,Italy,5429546,563.8274938212633,1.68,572.0,136.0,184.0,122.745952854303,1.923583,12.78,953.09,3.8,108.58,59822.45,,287829205.0,2.2288196617639318,132431160.0,1.3631551279489964,2.157217351885829
2011,Italy,5362330,580.3010627015561,1.67,568.0,136.0,178.0,134.322470238095,1.954134,13.6,720.84,3.7,107.84,60025.952,,246005376.0,2.318937682796166,149473439.0,1.1542274563568122,2.168920583552965
2012,Italy,5039779,527.1735355648535,1.52,585.0,140.0,169.0,122.506322000562,1.975954,13.46,749.07,3.7,103.52,60190.145,,214157143.0,2.102946403119268,159573242.0,1.2324614973666586,2.193279137496832
2013,Italy,4795507,527.7326950588753,1.39,594.0,140.0,169.0,129.303500805625,2.033111,13.19,858.64,3.6,101.77,60312.599,,243146456.0,2.250288124834829,141707643.0,1.174744642568402,2.2236152671257536
2014,Italy,5068566,555.7028834557615,1.58,583.0,124.0,173.0,126.564060642093,1.987074,13.86,927.82,3.6,95.58,60322.791,,261052930.0,2.2598457182857823,149755030.0,1.2639046681770052,2.254413822657108
2015,Italy,5776913,638.4740274093722,1.57,607.0,120.0,170.0,134.126950462051,2.065237,13.82,713.28,3.8,102.55,60232.906,,203589891.0,1.969175009823876,156885663.0,1.0919101620329787,2.2856387332048103
2016,Italy,5801536,634.1169526724232,1.51,603.6,116.0,162.0,131.500671942661,2.037714,13.61,776.5,3.9,101.88,60118.626,,192053258.0,1.8240582833198744,118932990.0,1.0084873015663722,2.3173402349860472
2017,Italy,5421497,588.1252122144393,1.47,599.6,114.1,172.0,130.435240867721,1.928854,13.48,669.65,3.8,97.96,60004.032,,157491228.0,2.3575460360078857,156326698.0,1.1845527811512022,2.349392312228891
2018,Italy,5225245,570.4415938864629,1.39,595.1,114.0,167.0,129.836977539789,1.94658,14.13,739.44,3.8,99.17,59877.425,,170189826.0,2.1466027904426928,146083923.0,1.127822823298449,2.382668230652099
2019,Italy,5206779,558.124121697018,1.26,561.6,111.0,188.0,128.005145365693,1.906551,13.9,890.82,3.9,98.46,59727.932,,142415661.0,2.147029168555789,166075053.0,1.1748976946176466,2.417156784106345
2020,Italy,5630613,608.0575593952484,1.44,597.7,113.0,194.9,136.256000585566,1.999544,13.85,769.88,4.0,99.93,59500.579,,152296568.0,2.4126732486552016,151175195.0,1.1554094607640115,2.4528927605193043
2021,Italy,5988281,,,,,,,1.848924,13.5,730.57,4.1,99.64,59240.329,,187308666.0,2.6708821494196595,168980538.0,1.3155449663873804,2.489910818483048
1961,Netherlands,171482,166.97370983446933,,242.9,134.6,100.9,473.891129032258,,9.93,915.78,,43.5,11647.367,625.0,,,,,1.5012433589289207
1962,Netherlands,174502,174.15369261477045,,294.0,116.1,101.4,538.159420289855,,8.19,751.42,,45.41,11803.458,724.63768115942,,,,,1.5127902872104817
1963,Netherlands,172364,174.4574898785425,,289.7,146.6,119.1,587.038988408851,,7.9,695.9,,45.64,11958.415,821.917808219178,,,,,1.5244257465009785
1964,Netherlands,222191,227.42169907881268,,293.7,139.1,111.7,580.547491995731,,9.14,705.64,,46.0,12117.829,917.822838847385,,,,,1.5361668660319705
1965,Netherlands,237894,245.7582644628099,,310.8,136.6,114.8,605.842672413793,,8.72,979.7,,44.84,12275.791,1012.93103448276,,,,,1.547965751542456
1966,Netherlands,226826,239.7737843551797,,337.4,130.1,109.1,643.515050167224,,9.43,1018.76,,46.72,12426.787,1137.1237458194,,,,,1.5598715626509736
1967,Netherlands,263616,285.9175704989154,,343.4,128.2,105.6,661.331042382589,,9.97,791.9,,51.58,12576.967,1264.60481099656,,,,,1.5718689597837447
1968,Netherlands,261757,286.6998904709748,,339.2,125.1,104.0,657.665509259259,,9.18,798.66,,53.39,12727.2,1373.84259259259,,,,,1.5839754234541137
1969,Netherlands,272583,305.92929292929296,,387.4,121.7,107.5,729.066272189349,,9.21,720.23,,54.0,12881.249,1502.95857988166,,,,,1.5961413948107896
1970,Netherlands,298693,344.5132641291811,,405.3,135.0,109.9,788.35072815534,0.831029,9.09,819.64,,59.09,13037.686,1641.90533980583,,,,,1.6084178317697535
1971,Netherlands,263371,325.1493827160494,,373.7,126.3,101.3,780.748051948052,0.8943,9.66,573.55,,60.91,13186.712,1818.18181818182,,,,,1.6255572198903565
1972,Netherlands,275351,342.47636815920396,,377.4,124.8,101.8,790.985620915033,0.907126,8.98,670.46,,60.09,13324.176,1888.88888888889,,,,,1.647770280028486
1973,Netherlands,276569,346.1439299123905,,410.5,114.0,109.8,831.785808147175,0.909868,9.46,713.52,,62.57,13447.57,1959.2641261498,,,,,1.6702241339583055
1974,Netherlands,283042,353.8025,,435.4,113.0,92.6,837.409448818898,0.987867,9.77,912.98,,67.61,13560.532,2017.06036745407,,,,,1.693015482254014
1975,Netherlands,264157,331.85552763819095,,452.7,101.4,80.7,836.281949934124,1.125287,9.86,666.04,,67.21,13663.969,2062.30566534914,,,,,1.71611836966492
1976,Netherlands,284032,352.83478260869566,,429.8,113.9,91.7,826.49544863459,1.198992,9.77,545.36,,68.47,13760.112,2080.62418725618,,,,,1.739568846585765
1977,Netherlands,279463,345.01604938271606,,446.7,110.6,86.6,830.851612903226,1.198664,9.64,759.18,,70.79,13855.566,2116.12903225806,,,,,1.763273758070785
1978,Netherlands,283270,347.997542997543,,443.2,106.6,80.7,808.570512820513,1.265852,8.98,672.42,,75.29,13949.408,2153.84615384615,,,,,1.7873350607933027
1979,Netherlands,308399,376.55555555555554,,486.2,123.7,84.1,883.917197452229,1.387333,8.52,838.54,,77.95,14040.287,2203.27388535032,,,,,1.8117245249668932
1980,Netherlands,301546,366.8442822384428,,482.7,112.3,82.7,859.650632911392,1.407733,9.01,834.59,,79.89,14130.387,2253.16455696203,,,,,1.836480910149264
1981,Netherlands,311445,380.27472527472526,,477.4,106.0,80.0,842.352791878173,1.546757,9.26,919.2,,82.84,14217.318,2258.88324873096,,,,,1.865619467840924
1982,Netherlands,360179,439.2426829268293,,456.6,102.0,77.4,805.348101265823,1.632391,10.01,719.79,,85.52,14296.533,2278.48101265823,,,,,1.899465427416702
1983,Netherlands,361702,435.26113116726833,,478.3,117.3,86.5,851.797752808989,1.552528,10.08,789.0,,85.29,14369.647,2284.64419475655,,,,,1.933925440056598
1984,Netherlands,371602,439.2458628841608,,505.1,116.6,86.1,877.460220318237,1.675547,9.32,858.12,,89.57,14441.927,2242.17870257038,,,,,1.9690594825499572
1985,Netherlands,400538,468.4654970760234,,495.6,119.7,81.8,848.914043583535,1.700178,8.47,756.64,,90.21,14515.704,2220.01210653753,,,,,2.0047325635775195
1986,Netherlands,416529,477.12371134020617,,504.2,103.7,90.8,827.68009478673,1.826209,8.91,799.68,,92.79,14592.531,2169.43127962085,,,,,2.041102240964935
1987,Netherlands,416529,468.0101123595506,,458.1,97.8,79.5,738.152148664344,1.7706,8.63,849.42,,92.0,14675.301,2123.69337979094,,,,,2.0781318691224944
1988,Netherlands,431758,480.79955456570156,,435.0,102.7,82.5,737.413118527043,1.845947,10.17,899.24,,91.31,14762.318,2101.26582278481,,,,,2.115885809637878
1989,Netherlands,472726,522.3491712707182,,409.0,98.4,82.7,677.439497716895,1.869828,10.69,657.94,,89.44,14850.225,2082.76255707763,,,,,2.15421853902134
1990,Netherlands,494885,544.4279427942794,0.58,392.0,94.6,74.0,637.770193401593,1.954849,10.74,729.29,,93.16,14944.548,2073.12855517634,,,,,2.1932999254243293
1991,Netherlands,484377,531.6981339187706,0.58,392.0,94.0,75.0,636.502837684449,1.956042,9.52,657.72,4.0,88.72,15046.584,2065.83427922815,,,,,2.2603944759600725
1992,Netherlands,496484,538.4859002169197,0.53,388.0,86.0,70.0,615.056369785795,1.99282,10.39,813.9,3.9,94.02,15150.685,2029.3122886133,,,,,2.35831877923138
1993,Netherlands,461456,499.4112554112554,0.62,370.0,81.0,67.0,585.190529875986,2.02377,9.49,868.94,4.1,94.0,15251.086,2006.76437429538,,,,,2.4601987777806733
1994,Netherlands,426961,464.0880434782609,0.53,395.0,77.0,62.0,603.389830508475,2.015885,10.55,888.58,4.0,90.76,15349.478,1988.70056497175,,,,,2.566628646750109
1995,Netherlands,457420,499.36681222707426,0.76,390.0,75.0,70.0,606.575963718821,1.992964,10.27,802.49,3.8,91.93,15446.668,1956.87074829932,,,,,2.677663306062853
1996,Netherlands,365357,393.27987082884823,0.53,390.0,72.0,65.0,588.853631284916,1.836279,8.37,585.78,3.8,93.58,15538.616,1865.9217877095,,,,,2.793664637545574
1997,Netherlands,388354,415.35187165775403,0.66,375.0,73.0,60.0,563.817980022198,1.88672,10.11,673.95,3.7,88.72,15629.905,1786.90344062153,,,,,2.914351193784634
1998,Netherlands,388354,412.70350690754515,0.72,350.0,73.0,62.0,535.320088300221,1.71878,10.21,1020.33,3.5,90.17,15722.594,1710.81677704194,,,,,3.040429579194169
1999,Netherlands,399776,421.26027397260276,0.65,345.0,68.0,58.0,515.317286652079,1.746932,10.86,895.43,3.2,94.91,15812.487,1635.99562363238,,,,,3.171960503759119
2000,Netherlands,395969,374.89964021965534,0.67,300.0,64.0,54.0,408.722010364721,1.69467,10.83,880.49,3.3,93.95,15899.135,1631.86813186813,,,,,3.3093763410834085
2001,Netherlands,418813,402.00902284507583,0.6,296.0,66.0,54.0,412.371134020619,1.572829,10.28,928.55,3.1,87.44,15981.636,1629.83425414365,,,,,3.51067977076741
2002,Netherlands,422621,403.18736882274374,0.61,288.0,66.0,52.0,386.920803782506,1.583021,10.72,915.08,2.9,87.2,16057.04,1599.34497816594,,,,,3.7877322043529063
2003,Netherlands,453080,403.41910782655157,0.65,275.0,67.0,52.0,363.93731097058,1.623986,10.55,631.8,3.0,81.57,16127.579,1605.96026490066,,,,,4.08664880164647
2004,Netherlands,498768,430.4919730709477,0.68,269.0,45.0,45.0,357.313525498891,1.680825,10.28,846.8,3.3,86.74,16196.035,1281.59645232816,,,,,4.409616701037571
2005,Netherlands,502576,439.77598879944,0.69,263.0,42.0,43.0,337.806480648065,1.651879,10.52,810.49,3.7,85.15,16261.831,1301.5301530153,,,,,4.757111812887055
2006,Netherlands,517805,469.66439909297054,0.69,261.0,46.0,43.0,353.146382501402,1.602226,10.91,753.69,3.6,83.27,16325.677,,,,,,5.110938804457803
2007,Netherlands,521613,476.9251165767578,0.78,268.0,44.0,45.0,302.13908284582,1.583136,11.04,910.25,3.3,85.92,16391.232,,1538380867.0,1.8269969112014637,342695601.0,1.779340553595726,5.467856348014708
2008,Netherlands,555879,504.656377666818,0.68,247.0,36.0,33.0,267.708606787924,1.589012,10.53,843.28,3.2,87.38,16460.77,,1746662335.0,1.8831354043325148,304376684.0,1.802749161417554,5.850244366101393
2009,Netherlands,609183,558.7809576224546,0.61,235.0,52.0,24.0,238.171043898739,1.707428,10.47,754.39,3.1,89.82,16536.208,,1562741460.0,1.151033100996784,279407068.0,1.4929224336238578,6.29278008488032
2010,Netherlands,620605,586.0292728989613,0.59,235.0,44.0,24.0,293.325836104049,1.688416,9.04,793.56,3.1,89.65,16617.117,,1743251498.0,1.852668152299957,321066763.0,1.7707565457268253,6.77235500779662
2011,Netherlands,620605,595.3616653875671,0.73,201.0,38.0,16.0,246.811133200795,1.647516,10.88,759.69,2.8,93.16,16701.472,,1701531592.0,1.531169522939512,386287184.0,1.5313727092487954,7.250290832945556
2012,Netherlands,612990,585.5846388995033,0.78,201.0,41.0,15.0,289.812067260138,1.653593,10.22,842.66,2.7,90.81,16785.299,,1827942843.0,1.7583114975013925,375066363.0,1.50538720076542,7.76268544073621
2013,Netherlands,651064,605.9227547696603,0.72,194.6,58.0,15.8,231.127696456086,1.670134,9.74,721.25,2.1,93.41,16867.352,,1843210432.0,1.6742576487197105,385177501.0,1.5367282918205876,8.248430237635084
2014,Netherlands,685331,633.8028299269398,0.69,183.0,52.0,16.0,247.853263157895,1.722352,11.61,761.15,2.3,96.63,16954.081,,1990979129.0,1.7674076388558373,354285395.0,1.5292688241900505,8.699669773665741
2015,Netherlands,677716,627.5148148148148,0.62,199.0,57.0,17.0,266.804548944338,1.724328,10.86,816.79,2.3,101.11,17041.107,,1819974148.0,1.6204893704337415,305308433.0,1.3190076825863069,9.175595030697698
2016,Netherlands,685331,642.8996247654784,0.66,202.0,80.1,19.6,291.68579766537,1.724928,10.65,782.77,2.3,102.26,17124.505,,1722000452.0,1.613845309859924,301385504.0,1.363760384427339,9.678267724058855
2017,Netherlands,692946,644.6009302325581,0.65,187.0,57.1,10.8,290.558341369335,1.68404,10.89,859.07,2.3,102.47,17207.198,,1953873595.0,1.802209549651632,339359456.0,1.5382901688794732,10.20697655907202
2018,Netherlands,692946,654.3399433427762,0.62,172.0,50.5,8.8,274.269343780607,1.623938,11.4,633.68,2.1,96.11,17286.042,,1925003592.0,1.774324276728429,317412251.0,1.3921213472797047,10.7510062784069
2019,Netherlands,692946,660.7036613272312,0.59,183.2,49.2,10.8,273.80180001978,1.620217,11.24,807.4,2.1,100.83,17363.262,,1930649169.0,1.776965411799074,312570291.0,1.363963875801441,11.308892869022705
2020,Netherlands,692946,664.9898276457718,0.61,195.0,49.1,9.3,277.847994188072,1.699922,11.66,775.13,2.1,102.44,17434.557,,1912912095.0,1.878919397373176,332447282.0,1.4643663844079036,11.87981486798399
2021,Netherlands,670101,,,,,,,1.660158,10.39,865.8,2.3,103.75,17501.696,,2099993545.0,2.211277274566099,397287699.0,1.63545080067531,12.46281764074803
1961,Poland,91364,5.648120672601385,,299.4,359.0,234.0,55.9897139989965,,8.41,596.4,,91.37,29913.232,44.8927496236829,,,,,0.9427491512637716
1962,Poland,45499,2.8316529748568584,,299.4,359.1,248.8,58.0203424095015,,6.99,628.67,,83.09,30271.919,52.65083075368,,,,,0.9579551854895356
1963,Poland,135124,8.460584809968067,,316.1,353.5,273.2,62.726434882095,,6.94,547.38,,90.24,30608.319,61.0315896523231,,,,,0.9734063056163612
1964,Poland,168950,10.597791995985448,,352.9,360.8,324.0,70.4865295204127,,7.39,552.42,,93.71,30927.873,68.0141392268008,,,,,0.9891286281806376
1965,Poland,84498,5.388215788802449,,386.5,396.2,353.2,84.3959966314698,,6.82,641.63,,92.56,31224.081,84.8610481311136,,,,,1.0050604592586416
1966,Poland,129173,8.237023338859839,,433.2,515.8,407.9,102.47071780254,,8.1,733.07,,98.56,31504.832,88.5520860326509,,,,,1.0212713582937936
1967,Poland,151648,9.772393349658461,,513.3,660.6,450.8,119.613825125891,,8.66,691.67,,101.41,31765.963,98.860767771892,,,,,1.0377438162872612
1968,Poland,157599,10.171614818639473,,604.8,773.4,525.5,140.272453324599,,7.85,641.0,,105.29,32016.87,111.931215198166,,,,,1.0545052041923952
1969,Poland,145286,9.475379899563034,,701.1,914.6,595.0,159.980071504237,,6.88,501.77,,100.48,32262.057,127.597325211864,,,,,1.0714901149075955
1970,Poland,162268,10.587759363173692,,785.0,1035.9,635.0,170.446182396607,4.818451,7.14,745.44,,104.33,32482.943,148.814289501591,,,,,1.088772567047111
1971,Poland,157416,10.304117300517117,,822.4,1114.2,718.6,192.803738317757,4.817689,8.1,534.68,,98.18,32710.744,165.812416555407,,,,,1.1127432548235312
1972,Poland,180165,11.894434541493364,,907.1,1262.0,782.0,205.243600107788,4.816757,7.85,614.19,,108.25,32979.398,187.793721368903,,,,,1.142422004656508
1973,Poland,174810,11.571456940491164,,1073.4,1419.1,850.2,225.876351351351,4.817386,7.92,562.21,,115.77,33270.009,215.678378378378,,,,,1.172807339031858
1974,Poland,101434,6.727284785780608,,1143.0,1430.6,908.4,234.369683012734,4.820504,8.33,751.61,,116.69,33578.683,247.062449200759,,,,,1.204044437496446
1975,Poland,191292,12.669183389628452,,1227.9,1615.7,886.7,248.383126987349,4.819918,8.94,553.31,,114.21,33899.77,271.442392260334,,,,,1.2361135807543948
1976,Poland,173712,11.514781917009147,,1212.8,1446.2,933.1,242.916344916345,4.813878,7.24,541.96,,118.69,34229.706,294.007315586263,,,,,1.2690828013818267
1977,Poland,86586,5.747112704101951,,1250.3,1407.6,947.3,244.623651536739,4.812098,8.04,661.97,,109.86,34561.582,320.654725558043,,,,,1.3028371744493614
1978,Poland,73055,4.857380319148936,,1297.0,1331.6,947.3,242.509959888504,4.820533,7.18,635.75,,118.97,34870.698,349.758651165953,,,,,1.3375375177352302
1979,Poland,215439,14.37409927942354,,1312.6,1339.1,938.2,248.069069069069,4.836093,7.43,597.66,,118.41,35188.357,391.174583674584,,,,,1.3647118209965583
1980,Poland,82521,5.515740926408663,,1343.8,1270.5,883.6,239.300047876342,4.816989,6.61,680.05,,96.81,35521.429,423.605088571233,,,,,1.385849067624969
1981,Poland,203235,13.678489702517162,,1213.0,1315.3,884.0,230.54644432194,4.783675,7.86,692.5,,106.11,35851.094,461.460170893054,,,,,1.4072540932316355
1982,Poland,202543,13.665946967141219,,1244.9,1110.9,817.0,219.056338028169,4.803202,8.36,445.25,,101.44,36188.644,490.333471416736,,,,,1.4290199288276757
1983,Poland,234989,15.878708020812217,,1321.5,1202.1,900.3,236.562664087329,4.862708,8.98,544.25,,105.66,36536.141,523.202293768136,,,,,1.4511224304968635
1984,Poland,116222,7.819551907421113,,1238.5,1156.5,885.2,225.677261781906,4.913891,7.79,541.57,,112.27,36876.56,554.861369109047,,,,,1.4735979460065698
1985,Poland,122570,8.256652071404513,,1336.6,1167.8,908.2,235.176969195783,4.721468,6.82,639.06,,111.72,37179.16,637.200744262973,,,,,1.4963583374929537
1986,Poland,212001,14.306026047641542,,1388.1,1180.0,961.2,243.670671085336,4.617107,7.55,576.69,,118.09,37436.798,683.169704501519,,,,,1.5195023299869037
1987,Poland,161594,10.905986367010867,,1335.4,1104.7,836.6,226.294751381215,4.900834,6.57,618.83,,113.03,37654.411,720.655386740332,,,,,1.5430044704312786
1988,Poland,241178,16.31786197564276,,1504.4,1020.8,889.7,236.096515486726,5.16024,8.19,594.22,,113.5,37812.076,761.382743362832,,,,,1.5669031086090648
1989,Poland,206627,14.000067755267972,,1478.6,906.9,924.6,229.644789787706,5.169807,9.08,502.9,,116.02,37939.013,799.669765505758,,,,,1.5790050800792048
1990,Poland,189561,12.866422317246997,0.15,671.0,537.8,332.6,107.130942452043,3.765831,9.09,562.01,,118.4,38064.255,823.603002502085,,,,,1.5819824280267747
1991,Poland,206134,14.008426775399252,0.16,569.3,288.0,151.4,70.2437325905292,4.224376,8.15,522.38,25.4,108.32,38167.382,820.863509749304,,,,,1.5849654384919207
1992,Poland,184753,12.569086332403565,0.26,683.0,277.0,232.0,83.1554718560368,6.712531,8.74,531.48,24.9,93.41,38252.276,817.562949013043,,,,,1.5879581587497171
1993,Poland,165864,11.307881101718026,0.27,758.0,281.0,243.0,89.6292904578819,7.062903,7.81,582.6,24.2,105.85,38319.296,807.829430269137,,,,,1.5909482272775064
1994,Poland,171779,11.723928473928474,0.35,836.0,316.0,276.0,99.8705594405594,5.876756,8.88,604.69,23.4,88.18,38375.459,916.566433566433,,,,,1.5939480719972936
1995,Poland,183701,12.60384219554031,0.24,852.0,358.0,302.0,106.34890921886,6.2362,8.17,570.44,22.6,96.32,38401.978,928.492610837438,,,,,1.5969537555054016
1996,Poland,105505,7.352777197017214,0.33,910.0,376.0,310.0,113.973364752928,5.734787,6.62,554.52,22.1,98.57,38401.408,930.382747786347,,,,,1.5999690328805174
1997,Poland,100257,7.000698275260108,0.33,1009.7,400.9,289.6,121.390832500357,4.920418,7.86,621.64,20.6,93.01,38396.13,935.670426959874,,,,,1.602981748336053
1998,Poland,162945,11.332151053619862,0.28,862.0,386.6,308.4,110.774702994949,4.159585,8.25,678.29,19.8,101.65,38379.99,932.282848402931,,,,,1.6060043044496526
1999,Poland,152470,10.587459204221929,0.29,861.3,368.7,296.3,108.477828311541,3.518178,8.91,608.39,19.2,94.11,38354.956,927.735929505401,,,,,1.6090327158735953
2000,Poland,142581,9.949825540823447,0.31,896.2,370.0,270.0,115.421996712642,3.360182,9.46,618.18,18.7,93.25,38504.431,933.824054884585,,,,,1.6120707967120178
2001,Poland,125281,8.997486354495834,0.31,864.3,380.0,316.8,115.886336866902,3.58733,8.35,701.48,19.2,94.17,38662.862,963.280329799764,,,,,1.6151063440690434
2002,Poland,281251,21.08802579290695,0.37,830.7,378.0,302.6,116.19523443505,3.588951,9.09,622.87,19.6,91.17,38647.476,1048.86933128363,,,,,1.616922982665376
2003,Poland,277549,21.51375862336253,0.27,948.2,388.0,338.0,128.871057440216,3.570678,8.39,488.42,18.2,88.02,38621.531,1089.48915547787,,,,,1.6093119575915478
2004,Poland,266509,20.5607930874865,0.3,892.0,405.0,345.7,129.13560666138,3.686394,8.32,600.03,17.6,94.52,38596.042,1082.79143536875,,,,,1.6017263003001982
2005,Poland,274946,21.9622973080917,0.59,996.0,425.0,422.0,161.938884770612,3.500477,8.29,571.81,17.4,88.53,38575.911,1183.74351371386,,,,,1.5941971652994655
2006,Poland,298246,23.4083666902127,0.65,1056.0,502.0,412.0,159.338615782665,3.119107,8.67,551.26,15.8,86.26,38547.179,1208.99660413972,,,,,1.5866930987084829
2007,Poland,315709,25.882029840957536,0.66,1142.0,537.0,462.0,181.172291296625,3.064049,9.37,668.17,14.7,92.53,38521.874,1313.87126786772,91203590.0,1.1151352759293012,120024164.0,1.480898357140809,1.5792245352652043
2008,Poland,321581,25.898445679310623,0.73,1050.0,410.0,410.0,157.718176534086,2.898684,9.4,598.55,14.0,92.97,38522.882,1300.62276841319,108822533.0,1.100017551148842,154802692.0,1.4206057967123495,1.571780681681077
2009,Poland,324637,26.09831980062706,0.63,1113.0,414.0,362.0,146.800928228079,3.136852,8.68,677.52,13.3,95.78,38555.285,1307.21863086358,71684380.0,0.990353252811168,129148723.0,1.281144639009402,1.564392395856543
2010,Poland,255446,22.769052500222838,0.7,1090.0,455.0,408.0,180.478345184228,3.09689,7.64,791.84,13.1,91.2,38597.353,,77011560.0,1.1334062980438784,156674263.0,1.5258189452336766,1.5570285855355888
2011,Poland,326043,28.381180362116993,0.76,1095.0,418.0,371.0,169.742295909173,2.940396,8.96,544.78,12.9,93.24,38620.847,,70767902.0,0.9709773843236932,154696188.0,1.267899381549831,1.5496972076515374
2012,Poland,347393,30.68029674114634,0.75,1204.0,415.0,387.0,177.885583524027,2.642125,8.57,605.24,12.6,96.02,38625.874,,98698666.0,1.0694081953747416,149362857.0,1.351544201558729,1.5415666835342083
2013,Poland,379702,33.88986076401285,0.76,1098.0,496.0,341.0,179.327279466271,2.814649,8.66,646.95,12.0,95.19,38607.353,,110024155.0,1.0491366656966823,187902796.0,1.359082611044836,1.5335009881192243
2014,Poland,371031,32.822983014862,0.76,1004.0,485.0,304.0,164.000732064422,2.740882,9.79,627.32,11.5,101.75,38581.872,,96023098.0,1.0186787640750856,200040731.0,1.4330593960473337,1.5254664930220192
2015,Poland,361449,32.049033516580955,0.81,1043.0,527.0,326.0,174.097547533756,2.378131,9.79,513.01,11.5,96.53,38553.146,,79748439.0,0.8600723725973314,175051956.0,1.2613580565108469,1.5174740880649538
2016,Poland,396848,35.436021073310116,0.79,1151.5,557.0,343.9,189.690912456043,2.358353,9.25,669.36,10.6,101.72,38532.113,,65832195.0,0.7751986687987629,161740039.0,1.210800975419953,1.5111710239304332
2017,Poland,411053,36.405367106545036,0.77,1178.8,559.2,338.7,190.391491702576,2.263401,9.08,725.91,10.2,106.19,38532.812,,65608821.0,0.8369483236546129,201807197.0,1.4861846900539804,1.5065594524520716
2018,Poland,425159,37.41938039077627,0.74,994.0,567.8,343.5,173.076573712417,1.942545,9.96,506.45,9.6,102.97,38521.457,,78985619.0,0.8948804211317197,242254812.0,1.5799671527277377,1.5036136492847898
2019,Poland,420110,36.867924528301884,0.78,1034.0,559.0,359.0,176.508367254636,1.844837,10.17,539.21,9.2,101.87,38493.601,,71094945.0,0.9799240903169972,244766849.0,1.539776728179118,1.5023244771513875
2020,Poland,350901,31.133084908171412,0.71,1038.0,569.0,346.0,158.318835271495,2.214697,10.03,622.07,9.6,112.2,38428.366,,68098582.0,0.946105814760989,268647207.0,1.552062255484825,1.5026879557209902
2021,Poland,373421,,,,,,,1.843477,8.75,643.39,8.4,110.99,38307.726,,89444229.0,1.3292337634319789,318619423.0,1.8440853459893696,1.5047050633508692
1961,Spain,547341,26.403328509406656,,327.2,94.7,307.9,44.9252739135787,,13.82,685.32,,36.61,30711.863,43.750461652099,,,,,1.3421021652017495
1962,Spain,576366,27.66733870967742,,346.0,96.0,311.0,46.1577074128621,,13.01,716.12,,36.15,31052.63,56.9188757977418,,,,,1.3985461297456026
1963,Spain,585814,28.1141239141911,,333.0,100.0,314.0,46.0580067880284,,12.64,857.94,,42.76,31388.554,70.6016661524221,,,,,1.457364000275324
1964,Spain,638755,31.07843137254902,,364.0,91.0,312.0,48.1914064953829,,13.27,552.16,,39.31,31747.643,81.7463408505559,,,,,1.5187417367793803
1965,Spain,604179,29.337622608526754,,474.0,92.0,306.0,49.0015658273832,,12.87,671.76,,39.47,32112.015,92.6243266942252,,,,,1.5825248652108126
1966,Spain,588585,29.20147846794999,,455.2,94.0,315.0,56.8895480043846,,13.22,677.98,,43.39,32462.268,109.089560900123,,,,,1.6490801857975996
1967,Spain,568933,27.777219021579924,,525.5,157.0,357.0,59.1867852604828,,12.99,559.67,,41.02,32814.224,114.813850063532,,,,,1.718434448616444
1968,Spain,593990,29.175794488923817,,583.0,194.0,431.0,68.0282946724446,,13.19,629.98,,43.94,33157.581,130.230053530461,,,,,1.7908074725297958
1969,Spain,634870,30.483026840159408,,617.5,220.0,422.0,69.1456286531526,,12.57,866.66,,43.52,33480.512,148.951622932471,,,,,1.8660164238658137
1970,Spain,821466,40.034407134850625,,620.5,220.5,403.1,77.5015933715742,3.243762,13.06,557.26,,46.53,33792.617,165.59528362014,,,,,1.9444944769513728
1971,Spain,842088,39.75113293051359,,693.3,244.5,441.9,85.3785421384418,3.427927,12.53,753.19,,47.34,34133.622,172.820246037089,,,,,2.016397024254475
1972,Spain,887510,41.92696523053666,,754.4,279.8,471.7,87.1011173870334,3.175949,12.21,815.77,,51.29,34515.17,187.984405697446,,,,,2.0808014004850506
1973,Spain,921486,43.924209924209926,,728.5,275.9,540.3,94.7608695652174,3.055381,12.85,523.58,,56.65,34898.147,205.842157717703,,,,,2.1470771933187622
1974,Spain,1089731,52.17768733540819,,715.3,269.9,503.8,93.7906143987938,3.102778,12.75,583.7,,57.52,35329.897,223.366000753864,,,,,2.215559658265031
1975,Spain,1130157,54.24840397446359,,761.2,256.1,422.2,88.6062195815688,3.080508,12.77,629.43,,57.76,35760.431,239.599266797295,,,,,2.286226479709203
1976,Spain,943879,45.688513480807394,,831.9,308.4,543.4,108.289582934151,3.112569,12.8,709.81,,56.6,36139.064,256.069489685125,,,,,2.3592491586661564
1977,Spain,1071289,51.994224422442244,,783.3,244.8,372.0,90.2890595009597,2.897063,12.86,774.76,,54.13,36513.082,269.605246321177,,,,,2.434393683115858
1978,Spain,1009742,49.06900573427933,,862.4,286.2,464.3,103.55179028133,3.045596,13.01,662.88,,61.75,36865.443,291.352301790281,,,,,2.512040547000561
1979,Spain,1001157,48.77031371784879,,906.9,292.7,485.9,108.162601104121,2.920091,13.12,761.51,,64.47,37188.965,315.57003466427,,,,,2.592163692981745
1980,Spain,975357,47.58071125420752,,900.3,284.6,475.1,106.831405064918,3.111001,12.87,563.21,,67.2,37491.666,336.744440159404,,,,,2.6749582570042327
1981,Spain,980626,47.86343225302616,,827.1,232.1,350.9,88.4693943092042,2.78989,13.51,547.63,,61.25,37758.649,352.032885862933,,,,,2.742381503044725
1982,Spain,1025140,50.03856103870747,,800.9,261.3,422.5,95.3976228718278,2.755935,13.5,602.59,,68.47,37982.149,366.960488274976,,,,,2.775673343347994
1983,Spain,1066793,52.01838307002146,,810.0,250.8,399.0,93.4123909697281,2.860526,13.51,538.16,,62.22,38169.76,379.688301693176,,,,,2.8093693285228176
1984,Spain,1140449,55.59911271450858,,907.9,280.8,424.7,104.711328349626,2.992145,12.74,664.34,,72.09,38329.925,390.667050028752,,,,,2.843521245850181
1985,Spain,1103311,54.041487068965516,,969.5,308.7,482.2,111.420200462606,2.949333,13.39,564.41,,69.64,38471.92,406.842713955281,,,,,2.877992844125212
1986,Spain,1090140,53.385896180215475,,1063.5,314.1,493.4,119.157854159974,2.756541,13.23,563.58,,68.54,38590.808,422.631545133312,,,,,2.912930776370475
1987,Spain,1111488,54.51142717018146,,1147.8,365.6,537.4,129.666003593429,2.997414,13.67,720.33,,76.74,38694.533,435.49794661191,,,,,2.948292979391695
1988,Spain,1172536,57.567556952081695,,1121.2,372.6,530.3,134.416062142903,3.10191,13.46,617.03,,69.86,38781.722,450.618219169288,,,,,2.9841338426789705
1989,Spain,1346232,66.2385357213147,,1102.8,376.2,549.1,132.29525528623,2.819419,14.27,749.25,,74.29,38847.318,465.872227952553,,,,,3.0203101733628035
1990,Spain,1435487,71.16235375768392,1.03,1063.5,378.6,534.9,128.849103358331,2.862357,14.06,527.39,,77.78,38889.889,483.097489403326,,,,,3.056976079529984
1991,Spain,1210646,60.26412464532829,1.06,998.7,381.4,502.0,123.328221260978,2.895679,13.37,566.39,10.7,74.33,38997.063,495.309345916896,,,,,3.086231989113669
1992,Spain,1202515,60.28550659247004,0.85,812.0,334.0,424.0,103.59831590027,2.897904,13.34,568.24,9.7,75.99,39202.251,504.089862509045,,,,,3.100052117665357
1993,Spain,1274464,64.83512234827288,0.82,936.0,392.0,501.0,121.324923241223,3.010787,12.93,607.67,9.8,72.75,39420.546,517.485649446002,,,,,3.113895627994716
1994,Spain,1412103,72.43039597866229,0.91,929.0,424.0,508.0,130.176955288397,2.801507,13.98,521.81,9.5,69.07,39623.725,533.396595974605,,,,,3.12782048781379
1995,Spain,1290498,68.81554951207806,0.89,1041.0,446.0,507.0,133.050907796369,2.559323,14.3,547.02,9.0,63.48,39814.573,573.579921680313,,,,,3.1418075311843894
1996,Spain,1510934,78.92467613873798,0.82,1119.0,458.0,581.0,151.702422145329,3.015044,13.49,852.63,8.4,81.24,39996.473,569.971626297578,,,,,3.15587635368196
1997,Spain,1526290,80.08237578047117,0.78,1118.0,477.0,589.0,147.560378018901,3.10926,14.38,817.73,8.0,87.56,40180.05,589.381869093455,,,,,3.1699693659960277
1998,Spain,1617222,87.34186649384316,0.83,1199.0,513.0,655.0,172.975738088278,3.066744,13.9,509.53,7.7,85.04,40362.357,630.03507746273,,,,,3.184144927033567
1999,Spain,1759994,96.02760803142732,0.8,1181.0,496.0,643.0,172.321399390923,2.915829,13.8,603.06,7.2,84.67,40542.232,655.111787863032,,,,,3.198383683730924
2000,Spain,1710760,93.46372377622377,0.76,1114.0,467.0,569.0,160.402985074627,2.984942,13.85,663.27,6.7,91.77,40741.651,671.417910447761,,,,,3.212705975165828
2001,Spain,1804041,99.98010418975836,0.78,1111.0,481.0,604.0,168.080220453154,2.846923,13.94,614.29,6.6,92.26,40966.45,708.579301898347,,,,,3.2270526817800715
2002,Spain,1807687,101.06714748965672,0.89,1075.0,488.0,606.0,164.451777829421,2.797137,13.91,715.4,6.0,92.13,41477.655,732.863118754357,,,,,3.2613658104558625
2003,Spain,1792974,99.71492130582281,0.83,1158.0,488.0,508.0,175.270953368672,2.709597,14.31,730.99,5.7,101.12,42230.27,724.93892601982,,,,,3.3063038850764004
2004,Spain,1990960,110.873753967812,1.01,1023.0,493.7,585.0,165.402610364683,2.574344,13.83,599.73,5.5,95.06,42959.666,742.109788867562,,,,,3.3519243197857667
2005,Spain,2184959,122.44782559964133,0.96,951.0,387.4,465.0,142.139549291412,2.296411,13.68,468.28,5.3,86.07,43685.374,759.550840238519,,,,,3.398046122001938
2006,Spain,1726305,98.20827170326544,0.85,937.0,411.0,461.0,142.329481132075,2.344018,14.42,649.59,4.8,94.4,44422.831,786.338050314465,,,,,3.44486789582407
2007,Spain,1853908,106.57093584732122,0.85,977.0,432.0,526.0,157.722231050373,2.43975,13.72,588.88,4.5,93.73,45245.782,807.280311457175,1179254543.0,1.3336293377790958,66091742.0,0.2684460290344287,3.492334436809192
2008,Spain,1839499,106.50179481241315,0.89,732.1,188.0,158.0,106.544602818706,2.370413,13.66,689.68,4.0,93.49,45966.538,825.144138372838,1252384529.0,1.3078382082563964,81505469.0,0.4254273651794614,3.540521795988376
2009,Spain,2179395,126.59125232342008,0.77,813.0,274.1,323.6,96.9269424661919,2.386051,14.33,619.67,4.1,92.44,46367.772,831.180283267984,1138658970.0,1.3049543145471254,106201676.0,0.547656519335946,3.589238511073066
2010,Spain,1958940,113.75297601765287,0.83,967.4,363.0,368.0,130.675287356322,2.445193,13.62,829.65,4.2,95.48,46572.772,,1091649846.0,1.4704099932646686,74177040.0,0.4521827913551685,3.638694227338364
2011,Spain,1755180,103.29449152542372,1.1,818.3,315.1,355.0,122.616461501328,2.584969,14.43,545.81,4.1,98.63,46729.232,,1189792117.0,1.230092708301532,63200179.0,0.4359251717524792,3.68883148993532
2012,Spain,1837976,104.79365984377672,1.15,962.7,337.4,376.5,122.580827366746,2.412662,13.93,535.49,4.2,85.87,46756.082,,1199921626.0,1.3205521937114235,75523108.0,0.5102107776253596,3.7397301926514737
2013,Spain,1715517,100.12939940465768,1.06,1037.0,355.5,427.4,143.596502750185,2.786472,13.77,699.14,4.3,104.22,46603.459,,1344259800.0,1.3092303444993962,66277336.0,0.5956627805238015,3.792172299833712
2014,Spain,2220651,129.19775424714916,1.31,1014.0,365.0,403.0,151.356084052777,2.7119,14.57,650.58,4.2,94.5,46464.551,,1301330685.0,1.3449904106501729,94280272.0,0.6343507730579382,3.8464153977446514
2015,Spain,2195133,127.71393114570783,1.2,987.0,372.0,388.0,151.501520578716,2.734089,14.52,498.11,4.1,99.39,46431.342,,1081779781.0,1.132774261683115,121454247.0,0.5037016651284638,3.90243597825322
2016,Spain,2377205,139.56458664675242,1.18,1019.0,390.0,432.0,143.966125159883,2.780143,14.36,658.8,4.2,106.11,46473.315,,1070180220.0,1.1751661177204171,113811030.0,0.7814913137727895,3.9602825935704313
2017,Spain,2345375,138.08371739883393,1.22,1090.1,413.5,427.1,155.495204046233,2.601106,14.62,479.59,4.4,101.65,46584.17,,1139340917.0,1.4082588342897018,133669522.0,0.8673667382308969,4.020005700722056
2018,Spain,2166017,129.15742394832589,0.95,1054.2,378.3,449.2,157.698525390563,2.733862,14.23,794.36,4.2,117.74,46792.043,,1097631220.0,1.3497568475314647,149183395.0,0.8799428268419512,4.081656185175207
2019,Spain,2271379,135.52537056125695,0.82,1023.0,395.3,495.6,157.475905695908,2.523459,14.42,580.81,4.0,106.66,47131.372,,1031800354.0,1.3445942047227768,170890286.0,0.8622003565514653,4.1452878360121685
2020,Spain,1959027,117.68475926658738,0.75,981.5,428.4,447.6,167.144467719512,2.972773,14.65,628.35,4.0,117.57,47363.807,,1068839431.0,1.466556198133714,173683748.0,1.0505677655480463,4.210955146224372
2021,Spain,2159558,,,,,,,2.875578,14.25,632.75,4.1,116.91,47486.935,,1154346676.0,1.742443245210212,184954979.0,1.0381355842777371,4.278713995743579
1961,United Kingdom,71558,9.809184372858121,,498.0,441.7,463.1,195.289198606272,,8.8,1097.37,,66.7,52861.251,639.735191637631,,,,,3.6240914163022087
1962,United Kingdom,67378,9.165827778533533,,521.4,427.8,466.0,195.080154781647,,7.68,1019.43,,69.89,53183.63,646.766169154229,,,,,3.5949355515219685
1963,United Kingdom,61804,8.353020678470063,,554.5,428.9,476.5,205.525773195876,,7.56,1015.53,,69.73,53508.514,652.920962199313,,,,,3.5660143671887505
1964,United Kingdom,65411,8.758837707552223,,565.0,424.9,479.3,203.154745716617,,8.45,916.3,,71.24,53861.5,655.711177590427,,,,,3.5372868203492422
1965,United Kingdom,65411,8.782357679914071,,589.6,413.3,435.0,211.827224417496,,7.9,1156.2,,73.24,54229.565,647.227142662488,,,,,3.5088684284511755
1966,United Kingdom,72929,9.81283638320775,,685.3,433.7,460.1,227.362097214637,,8.38,1206.33,,72.06,54560.502,635.199344620426,,,,,3.4806394034714443
1967,United Kingdom,77044,10.38888888888889,,747.5,441.5,469.3,257.969626487892,,8.64,1201.44,,74.66,54876.365,632.5940621152,,,,,3.452637798565958
1968,United Kingdom,76237,10.327418043890544,,768.5,439.6,460.0,246.708808574962,,8.32,1115.88,,74.13,55169.244,625.772983372269,,,,,3.424823476302891
1969,United Kingdom,86079,11.854978653078089,,783.1,430.8,462.7,226.678765880218,,8.29,1026.15,,74.21,55420.519,645.506072874494,,,,,3.3973084617912845
1970,United Kingdom,86886,12.069176274482567,,879.5,451.9,496.4,266.643199098845,0.611167,8.47,1122.17,,77.97,55650.166,629.136862855534,,,,,3.369977141933426
1971,United Kingdom,89306,12.358981455853861,,904.9,427.8,466.0,273.26135726304,0.62157,8.93,950.97,,79.19,55875.903,642.832305103758,,,,,3.353557065513097
1972,United Kingdom,89306,12.369252077562328,,931.9,428.2,474.5,243.063543273951,0.615258,8.31,981.04,,80.26,56057.315,652.146163557301,,,,,3.3849950694265334
1973,United Kingdom,96728,13.501954215522055,,1099.2,487.6,501.7,264.537102473498,0.595737,8.62,925.37,,81.23,56166.63,664.310954063604,,,,,3.4166400868158715
1974,United Kingdom,98342,13.74643556052558,,925.0,368.0,365.4,238.248195839819,0.618111,8.58,1167.44,,84.77,56233.776,673.264468657139,,,,,3.4486251271255224
1975,United Kingdom,99068,14.246189243600805,,1045.0,399.0,394.1,264.958509244432,0.578782,8.97,925.31,,80.08,56266.842,720.247488717426,,,,,3.4809098012381576
1976,United Kingdom,105199,15.082293906810035,,1110.0,411.3,408.0,279.808529155788,0.516899,8.94,996.74,,78.96,56263.232,700.422106179286,,,,,3.5135417313637496
1977,United Kingdom,101246,14.463714285714286,,1177.0,416.0,416.0,290.275971680393,0.569879,8.49,1117.91,,85.46,56244.84,693.945961566248,,,,,3.546388385324016
1978,United Kingdom,104312,14.871970345024238,,1222.0,426.0,482.4,298.875432525952,0.58852,8.43,1077.33,,88.12,56240.768,692.445213379469,,,,,3.579588119468845
1979,United Kingdom,115687,16.744391373570704,,1314.0,461.0,516.0,327.280714599502,0.558202,7.81,1175.41,,89.39,56265.154,744.141162688534,,,,,3.613098720844121
1980,United Kingdom,103747,14.829473985134362,,1240.0,414.0,486.5,296.906620410523,0.632486,8.44,1178.88,,92.76,56326.328,740.812373518358,,,,,3.646969567953996
1981,United Kingdom,100439,14.385419650529935,,1386.0,470.0,502.0,333.140292456928,0.654425,8.29,1176.08,,90.63,56395.846,746.279137107283,,,,,3.67032856684638
1982,United Kingdom,95276,13.638133409676495,,1560.0,521.0,464.0,368.146969477795,0.694973,8.78,1221.11,,95.5,56450.133,753.374801099378,,,,,3.659572717612855
1983,United Kingdom,95438,13.692682926829269,,1601.0,542.0,474.0,379.330337730106,0.630797,8.94,1089.17,,95.2,56501.612,767.412668502682,,,,,3.6488480106203034
1984,United Kingdom,104070,14.888412017167383,,1580.0,541.0,469.0,374.169315226813,0.744977,8.72,1126.57,,101.58,56568.253,756.631031493788,,,,,3.638140072650687
1985,United Kingdom,103747,14.692961336921115,,1572.0,510.0,434.0,359.942775393419,0.677854,7.91,1131.72,,97.68,56643.045,751.858369098713,,,,,3.6274929283916255
1986,United Kingdom,106006,15.12642694063927,,1650.0,544.0,456.0,381.844380403458,0.658228,7.79,1199.08,,98.25,56721.909,749.992795389049,,,,,3.616862457041007
1987,United Kingdom,104150,14.872197629587319,,1525.0,524.0,435.0,358.183129055516,0.609503,8.17,1096.17,,97.51,56826.322,749.091564527758,,,,,3.606262834217628
1988,United Kingdom,105522,15.174288179465057,,1514.0,523.0,414.0,357.537031658437,0.580147,8.91,1177.73,,95.84,56952.648,747.894278245716,,,,,3.595679795854222
1989,United Kingdom,110300,16.292466765140325,,1582.0,515.0,414.0,374.664279319606,0.596651,9.43,1040.27,,96.99,57076.099,760.638615338705,,,,,3.5851570638782517
1990,United Kingdom,111875,16.73272509721807,1.07,1516.0,492.0,380.0,360.725075528701,0.601231,9.54,1213.0,,99.12,57210.442,,,,,,3.574650377230672
1991,United Kingdom,110774,16.700437207899895,1.06,1365.0,441.0,365.0,330.592355717984,0.633668,8.7,1021.93,2.3,98.2,57359.454,,,,,,3.568663637062625
1992,United Kingdom,111876,16.904805077062555,1.11,1219.0,430.0,354.0,305.61489166921,0.656832,8.86,1220.97,2.2,100.59,57509.24,,,,,,3.5813202228725216
1993,United Kingdom,107861,17.532672301690507,1.19,1235.0,456.0,384.0,340.666557215564,0.592121,8.48,1190.58,2.0,97.71,57647.463,,,,,,3.593987145707088
1994,United Kingdom,106679,17.86319490957803,1.24,1339.0,475.0,405.0,375.401793266791,0.565669,9.05,1243.43,2.1,98.02,57785.9,,,,,,3.606716009905623
1995,United Kingdom,92372,15.41331553479059,1.23,1328.0,473.0,390.0,369.103773584906,0.537163,9.38,1084.38,2.1,98.73,57930.364,,,,,,3.6194902239338433
1996,United Kingdom,94389,15.337829054273643,1.3,1451.0,509.0,416.0,389.635946211873,0.499486,8.36,957.41,1.9,97.94,58078.586,,,,,,3.632327458247976
1997,United Kingdom,92775,14.439688715953308,1.3,1363.0,499.0,408.0,356.469849246231,0.480636,9.53,1066.98,1.9,97.64,58250.198,,,,,,3.645174642253389
1998,United Kingdom,87854,13.931810973675864,1.3,1286.0,450.0,345.0,332.800255877179,0.539666,9.27,1301.13,1.7,97.5,58438.321,,,,,,3.658084759330441
1999,United Kingdom,96244,16.12667560321716,1.3,1268.0,409.0,317.4,337.333107993916,0.59457,9.46,1250.28,1.6,97.48,58635.202,,,,,,3.671041231092659
2000,United Kingdom,91242,15.3917004048583,1.24,1162.0,369.0,278.1,300.204220558203,0.625457,9.16,1354.25,1.5,95.56,58850.043,,,,,,3.684061088494983
2001,United Kingdom,88015,15.435811995790951,1.34,1197.0,391.0,288.4,330.914882321713,0.616091,8.96,1068.86,1.4,88.34,59092.016,,,,,,3.706173047944859
2002,United Kingdom,81400,13.947909527073337,1.18,1131.0,374.6,282.0,323.36674732112,0.74822,9.53,1356.57,1.4,93.99,59355.69,,,,,,3.7725452460951887
2003,United Kingdom,61990,10.860196215837421,1.2,1125.0,375.1,277.8,315.956882841491,0.696858,9.54,910.25,1.2,91.94,59649.799,,,,,,3.8401062479787273
2004,United Kingdom,63160,10.76346284935242,1.21,1061.0,352.0,258.8,305.550781921292,0.609562,9.45,1158.46,1.3,92.36,59995.851,,,,,,3.908972463366202
2005,United Kingdom,64168,11.109418282548477,1.21,1003.0,325.0,234.8,291.848490137895,0.647038,9.46,1068.31,1.4,93.06,60383.741,,,,,,3.978879215334617
2006,United Kingdom,67847,11.051799967421404,0.88,1008.0,317.0,224.9,256.481785362652,0.618083,9.7,1124.27,1.4,92.55,60803.7,,,,,,4.050135317457812
2007,United Kingdom,69057,11.263578535312346,0.88,1001.0,324.9,215.7,254.56039441249,0.535895,9.65,1156.84,1.4,90.75,61260.676,,10487943.0,2.307129482406502,797877616.0,1.8546471227168029,4.122667355086684
2008,United Kingdom,71550,11.82449181953396,0.82,948.0,208.0,128.5,256.61948376353,0.669058,9.16,1271.67,1.1,94.7,61742.151,,10929376.0,2.16009148401026,770077464.0,1.7985522246851475,4.196601025168969
2009,United Kingdom,70025,11.494583059750493,0.83,1016.0,251.0,183.6,212.431806910233,0.654163,9.26,1231.44,1.1,92.51,62243.378,,12166565.0,1.8121608127921949,641449832.0,1.604539709166377,4.271651661182035
2010,United Kingdom,72058,11.977726063829786,0.64,1022.0,283.0,191.6,243.048576214405,0.538428,8.16,1016.26,1.2,94.33,62760.039,,10330178.0,2.241391782674232,673257277.0,1.7377333066941416,4.348150897184169
2011,United Kingdom,72445,11.862616669395775,0.61,1000.0,259.0,187.6,246.94820191356,0.676764,9.55,1105.52,1.2,96.62,63286.362,,11898961.0,2.1140734610511025,695139628.0,1.6631872791222515,4.426020337665207
2012,United Kingdom,66960,10.699904122722915,0.7,1003.0,266.8,193.7,232.936252414681,0.56296,8.89,1342.85,1.2,90.8,63808.727,,11277641.0,2.0509675662925715,655197344.0,1.640477715857672,4.505788246157944
2013,United Kingdom,73494,11.64667289986213,0.68,1060.0,284.0,200.3,233.025824368755,0.544249,8.86,1100.66,1.1,92.75,64302.297,,8735332.0,2.3780313643201594,654134348.0,1.5549445007144262,4.58727530273108
2014,United Kingdom,79464,12.656929423570075,0.66,1049.0,272.0,193.9,247.854335445576,0.746751,9.93,1335.63,1.3,100.68,64773.504,,9152853.0,2.647458089917833,682008146.0,1.6507152382613794,4.670628694831553
2015,United Kingdom,78415,12.939768976897689,0.65,1026.0,269.9,197.1,252.370653801364,0.629464,9.18,1234.27,1.1,101.36,65224.364,,10223014.0,2.165282205378102,646292438.0,1.6063905004922887,4.755888893710126
2016,United Kingdom,77896,12.82734293651697,0.71,1041.0,276.0,195.0,247.759276224295,0.553737,9.35,1144.4,1.1,97.96,65655.203,,8642279.0,2.038329114664458,613628915.0,1.5246918723296508,4.843095410250765
2017,United Kingdom,68983,11.252267809160964,0.67,1033.0,262.0,188.4,248.566493032888,0.565273,9.62,1134.86,1.2,102.2,66064.804,,10698758.0,2.275254858126708,671772258.0,1.686624029018804,4.93228864330069
2018,United Kingdom,53965,8.870055373537566,0.7,1038.0,267.0,186.0,245.619777867634,0.48638,9.49,1089.47,1.1,99.6,66432.993,,11408352.0,2.372141504853612,700165778.0,1.701896684955707,5.023509723515822
2019,United Kingdom,49099,8.007610091836112,0.67,962.0,253.0,174.0,245.004665440953,0.559593,9.55,1240.31,1.0,103.58,66778.659,,10288290.0,2.300364385513926,648397931.0,1.5988487891971213,5.116799704752283
2020,United Kingdom,52617,8.735147431282785,0.55,1015.0,271.0,176.0,233.168769261304,0.607034,9.68,1290.04,1.0,97.09,67059.474,,8544824.0,2.3620211245608265,636456399.0,1.663086706338849,5.212199839321386
2021,United Kingdom,55116,,,,,,,0.598791,9.38,1124.16,1.0,98.99,67281.039,,4777760.0,2.326376090391409,622407923.0,1.859135632893538,5.309751613845472
